{"cameraMode":{"drawMode":0,"name":"Shaded","section":"Shading Mode"},"sceneLighting":true,"audioPlay":false,"sceneViewState":{"showFog":true,"showMaterialUpdate":false,"showSkybox":true,"showFlares":true,"showImageEffects":true,"showParticleSystems":true},"in2DMode":false,"pivot":{"x":-57.552791595458987,"y":69.72892761230469,"z":-648.6531372070313},"rotation":{"x":-0.020996559411287309,"y":-0.01320090051740408,"z":-0.0002884873829316348,"w":0.9997092485427856},"size":25.002607345581056,"orthographic":false}